[
    {
        "number": 0,
        "emoji": "🐶",
        "description": "Dog",
        "unicode": "U+1F436",
        "translated_descriptions": {
            "ar": "كَلب",
            "bg": "Куче",
            "ca": "Gos",
            "cs": "Pes",
            "de": "Hund",
            "eo": "Hundo",
            "es": "Perro",
            "et": "Koer",
            "fi": "Koira",
            "fr": "Chien",
            "hr": "pas",
            "hu": "Kutya",
            "it": "Cane",
            "ja": "犬",
            "nb_NO": "Hund",
            "nl": "Hond",
            "pt_BR": "Cachorro",
            "ru": "Собака",
            "si": "බල්ලා",
            "sk": "Hlava psa",
            "sr": "пас",
            "sv": "Hund",
            "szl": null,
            "tzm": "Aydi",
            "uk": "Пес",
            "zh_Hans": "狗"
        }
    },
    {
        "number": 1,
        "emoji": "🐱",
        "description": "Cat",
        "unicode": "U+1F431",
        "translated_descriptions": {
            "ar": "هِرَّة",
            "bg": "Котка",
            "ca": "Gat",
            "cs": "Kočka",
            "de": "Katze",
            "eo": "Kato",
            "es": "Gato",
            "et": "Kass",
            "fi": "Kissa",
            "fr": "Chat",
            "hr": "mačka",
            "hu": "Macska",
            "it": "Gatto",
            "ja": "猫",
            "nb_NO": "Katt",
            "nl": "Kat",
            "pt_BR": "Gato",
            "ru": "Кошка",
            "si": "පූසා",
            "sk": "Hlava mačky",
            "sr": "мачка",
            "sv": "Katt",
            "szl": null,
            "tzm": "Amuc",
            "uk": "Кіт",
            "zh_Hans": "猫"
        }
    },
    {
        "number": 2,
        "emoji": "🦁",
        "description": "Lion",
        "unicode": "U+1F981",
        "translated_descriptions": {
            "ar": "أَسَد",
            "bg": "Лъв",
            "ca": "Lleó",
            "cs": "Lev",
            "de": "Löwe",
            "eo": "Leono",
            "es": "León",
            "et": "Lõvi",
            "fi": "Leijona",
            "fr": "Lion",
            "hr": "lav",
            "hu": "Oroszlán",
            "it": "Leone",
            "ja": "ライオン",
            "nb_NO": "Løve",
            "nl": "Leeuw",
            "pt_BR": "Leão",
            "ru": "Лев",
            "si": "සිංහයා",
            "sk": "Hlava leva",
            "sr": "лав",
            "sv": "Lejon",
            "szl": null,
            "tzm": "Izem",
            "uk": "Лев",
            "zh_Hans": "狮子"
        }
    },
    {
        "number": 3,
        "emoji": "🐎",
        "description": "Horse",
        "unicode": "U+1F40E",
        "translated_descriptions": {
            "ar": "حِصَان",
            "bg": "Кон",
            "ca": "Cavall",
            "cs": "Kůň",
            "de": "Pferd",
            "eo": "Ĉevalo",
            "es": "Caballo",
            "et": "Hobune",
            "fi": "Hevonen",
            "fr": "Cheval",
            "hr": "konj",
            "hu": "Ló",
            "it": "Cavallo",
            "ja": "馬",
            "nb_NO": "Hest",
            "nl": "Paard",
            "pt_BR": "Cavalo",
            "ru": "Лошадь",
            "si": "අශ්වයා",
            "sk": "Kôň",
            "sr": "коњ",
            "sv": "Häst",
            "szl": null,
            "tzm": "Ayyis",
            "uk": "Кінь",
            "zh_Hans": "马"
        }
    },
    {
        "number": 4,
        "emoji": "🦄",
        "description": "Unicorn",
        "unicode": "U+1F984",
        "translated_descriptions": {
            "ar": "حِصَانٌ بِقَرن",
            "bg": "Еднорог",
            "ca": "Unicorn",
            "cs": "Jednorožec",
            "de": "Einhorn",
            "eo": "Unukorno",
            "es": "Unicornio",
            "et": "Ükssarvik",
            "fi": "Yksisarvinen",
            "fr": "Licorne",
            "hr": "jednorog",
            "hu": "Egyszarvú",
            "it": "Unicorno",
            "ja": "ユニコーン",
            "nb_NO": "Enhjørning",
            "nl": "Eenhoorn",
            "pt_BR": "Unicórnio",
            "ru": "Единорог",
            "si": null,
            "sk": "Hlava jednorožca",
            "sr": "једнорог",
            "sv": "Enhörning",
            "szl": null,
            "tzm": null,
            "uk": "Єдиноріг",
            "zh_Hans": "独角兽"
        }
    },
    {
        "number": 5,
        "emoji": "🐷",
        "description": "Pig",
        "unicode": "U+1F437",
        "translated_descriptions": {
            "ar": "خِنزِير",
            "bg": "Прасе",
            "ca": "Porc",
            "cs": "Prase",
            "de": "Schwein",
            "eo": "Porko",
            "es": "Cerdo",
            "et": "Siga",
            "fi": "Sika",
            "fr": "Cochon",
            "hr": "svinja",
            "hu": "Malac",
            "it": "Maiale",
            "ja": "ブタ",
            "nb_NO": "Gris",
            "nl": "Varken",
            "pt_BR": "Porco",
            "ru": "Свинья",
            "si": null,
            "sk": "Hlava prasaťa",
            "sr": "прасе",
            "sv": "Gris",
            "szl": null,
            "tzm": "Ilef",
            "uk": "Свиня",
            "zh_Hans": "猪"
        }
    },
    {
        "number": 6,
        "emoji": "🐘",
        "description": "Elephant",
        "unicode": "U+1F418",
        "translated_descriptions": {
            "ar": "فِيل",
            "bg": "Слон",
            "ca": "Elefant",
            "cs": "Slon",
            "de": "Elefant",
            "eo": "Elefanto",
            "es": "Elefante",
            "et": "Elevant",
            "fi": "Norsu",
            "fr": "Éléphant",
            "hr": "slon",
            "hu": "Elefánt",
            "it": "Elefante",
            "ja": "ゾウ",
            "nb_NO": "Elefant",
            "nl": "Olifant",
            "pt_BR": "Elefante",
            "ru": "Слон",
            "si": null,
            "sk": "Slon",
            "sr": "слон",
            "sv": "Elefant",
            "szl": null,
            "tzm": "Ilu",
            "uk": "Слон",
            "zh_Hans": "大象"
        }
    },
    {
        "number": 7,
        "emoji": "🐰",
        "description": "Rabbit",
        "unicode": "U+1F430",
        "translated_descriptions": {
            "ar": "أَرنَب",
            "bg": "Заек",
            "ca": "Conill",
            "cs": "Králík",
            "de": "Hase",
            "eo": "Kuniklo",
            "es": "Conejo",
            "et": "Jänes",
            "fi": "Kani",
            "fr": "Lapin",
            "hr": "zec",
            "hu": "Nyúl",
            "it": "Coniglio",
            "ja": "うさぎ",
            "nb_NO": "Kanin",
            "nl": "Konijn",
            "pt_BR": "Coelho",
            "ru": "Кролик",
            "si": null,
            "sk": "Hlava zajaca",
            "sr": "зец",
            "sv": "Kanin",
            "szl": null,
            "tzm": "Agnin",
            "uk": "Кріль",
            "zh_Hans": "兔子"
        }
    },
    {
        "number": 8,
        "emoji": "🐼",
        "description": "Panda",
        "unicode": "U+1F43C",
        "translated_descriptions": {
            "ar": "باندَا",
            "bg": "Панда",
            "ca": "Panda",
            "cs": "Panda",
            "de": "Panda",
            "eo": "Pando",
            "es": "Panda",
            "et": "Panda",
            "fi": "Panda",
            "fr": "Panda",
            "hr": "panda",
            "hu": "Panda",
            "it": "Panda",
            "ja": "パンダ",
            "nb_NO": "Panda",
            "nl": "Panda",
            "pt_BR": "Panda",
            "ru": "Панда",
            "si": null,
            "sk": "Hlava pandy",
            "sr": "панда",
            "sv": "Panda",
            "szl": null,
            "tzm": null,
            "uk": "Панда",
            "zh_Hans": "熊猫"
        }
    },
    {
        "number": 9,
        "emoji": "🐓",
        "description": "Rooster",
        "unicode": "U+1F413",
        "translated_descriptions": {
            "ar": "دِيك",
            "bg": "Петел",
            "ca": "Gall",
            "cs": "Kohout",
            "de": "Hahn",
            "eo": "Virkoko",
            "es": "Gallo",
            "et": "Kukk",
            "fi": "Kukko",
            "fr": "Coq",
            "hr": "kokot",
            "hu": "Kakas",
            "it": "Gallo",
            "ja": "ニワトリ",
            "nb_NO": "Hane",
            "nl": "Haan",
            "pt_BR": "Galo",
            "ru": "Петух",
            "si": null,
            "sk": "Kohút",
            "sr": "петао",
            "sv": "Tupp",
            "szl": null,
            "tzm": "Ayaẓiḍ",
            "uk": "Когут",
            "zh_Hans": "公鸡"
        }
    },
    {
        "number": 10,
        "emoji": "🐧",
        "description": "Penguin",
        "unicode": "U+1F427",
        "translated_descriptions": {
            "ar": "بِطريق",
            "bg": "Пингвин",
            "ca": "Pingüí",
            "cs": "Tučňák",
            "de": "Pinguin",
            "eo": "Pingveno",
            "es": "Pingüino",
            "et": "Pingviin",
            "fi": "Pingviini",
            "fr": "Manchot",
            "hr": "pingvin",
            "hu": "Pingvin",
            "it": "Pinguino",
            "ja": "ペンギン",
            "nb_NO": "Pingvin",
            "nl": "Pinguïn",
            "pt_BR": "Pinguim",
            "ru": "Пингвин",
            "si": null,
            "sk": "Tučniak",
            "sr": "пингвин",
            "sv": "Pingvin",
            "szl": null,
            "tzm": null,
            "uk": "Пінгвін",
            "zh_Hans": "企鹅"
        }
    },
    {
        "number": 11,
        "emoji": "🐢",
        "description": "Turtle",
        "unicode": "U+1F422",
        "translated_descriptions": {
            "ar": "سُلحفاة",
            "bg": "Костенурка",
            "ca": "Tortuga",
            "cs": "Želva",
            "de": "Schildkröte",
            "eo": "Testudo",
            "es": "Tortuga",
            "et": "Kilpkonn",
            "fi": "Kilpikonna",
            "fr": "Tortue",
            "hr": "kornjača",
            "hu": "Teknős",
            "it": "Tartaruga",
            "ja": "亀",
            "nb_NO": "Skilpadde",
            "nl": "Schildpad",
            "pt_BR": "Tartaruga",
            "ru": "Черепаха",
            "si": null,
            "sk": "Korytnačka",
            "sr": "корњача",
            "sv": "Sköldpadda",
            "szl": null,
            "tzm": "Ifker",
            "uk": "Черепаха",
            "zh_Hans": "乌龟"
        }
    },
    {
        "number": 12,
        "emoji": "🐟",
        "description": "Fish",
        "unicode": "U+1F41F",
        "translated_descriptions": {
            "ar": "سَمَكَة",
            "bg": "Риба",
            "ca": "Peix",
            "cs": "Ryba",
            "de": "Fisch",
            "eo": "Fiŝo",
            "es": "Pez",
            "et": "Kala",
            "fi": "Kala",
            "fr": "Poisson",
            "hr": "riba",
            "hu": "Hal",
            "it": "Pesce",
            "ja": "魚",
            "nb_NO": "Fisk",
            "nl": "Vis",
            "pt_BR": "Peixe",
            "ru": "Рыба",
            "si": null,
            "sk": "Ryba",
            "sr": "риба",
            "sv": "Fisk",
            "szl": null,
            "tzm": "Aselm",
            "uk": "Риба",
            "zh_Hans": "鱼"
        }
    },
    {
        "number": 13,
        "emoji": "🐙",
        "description": "Octopus",
        "unicode": "U+1F419",
        "translated_descriptions": {
            "ar": "أُخطُبُوط",
            "bg": "Октопод",
            "ca": "Pop",
            "cs": "Chobotnice",
            "de": "Oktopus",
            "eo": "Polpo",
            "es": "Pulpo",
            "et": "Kaheksajalg",
            "fi": "Tursas",
            "fr": "Poulpe",
            "hr": "hobotnica",
            "hu": "Polip",
            "it": "Polpo",
            "ja": "たこ",
            "nb_NO": "Blekksprut",
            "nl": "Octopus",
            "pt_BR": "Polvo",
            "ru": "Осьминог",
            "si": null,
            "sk": "Chobotnica",
            "sr": "октопод",
            "sv": "Bläckfisk",
            "szl": null,
            "tzm": null,
            "uk": "Восьминіг",
            "zh_Hans": "章鱼"
        }
    },
    {
        "number": 14,
        "emoji": "🦋",
        "description": "Butterfly",
        "unicode": "U+1F98B",
        "translated_descriptions": {
            "ar": "فَرَاشَة",
            "bg": "Пеперуда",
            "ca": "Papallona",
            "cs": "Motýl",
            "de": "Schmetterling",
            "eo": "Papilio",
            "es": "Mariposa",
            "et": "Liblikas",
            "fi": "Perhonen",
            "fr": "Papillon",
            "hr": "leptir",
            "hu": "Pillangó",
            "it": "Farfalla",
            "ja": "ちょうちょ",
            "nb_NO": "Sommerfugl",
            "nl": "Vlinder",
            "pt_BR": "Borboleta",
            "ru": "Бабочка",
            "si": null,
            "sk": "Motýľ",
            "sr": "лептир",
            "sv": "Fjäril",
            "szl": null,
            "tzm": null,
            "uk": "Метелик",
            "zh_Hans": "蝴蝶"
        }
    },
    {
        "number": 15,
        "emoji": "🌷",
        "description": "Flower",
        "unicode": "U+1F337",
        "translated_descriptions": {
            "ar": "زَهرَة",
            "bg": "Цвете",
            "ca": "Flor",
            "cs": "Květina",
            "de": "Blume",
            "eo": "Floro",
            "es": "Flor",
            "et": "Lill",
            "fi": "Kukka",
            "fr": "Fleur",
            "hr": "svijet",
            "hu": "Virág",
            "it": "Fiore",
            "ja": "花",
            "nb_NO": "Blomst",
            "nl": "Bloem",
            "pt_BR": "Flor",
            "ru": "Цветок",
            "si": null,
            "sk": "Tulipán",
            "sr": "цвет",
            "sv": "Blomma",
            "szl": null,
            "tzm": null,
            "uk": "Квітка",
            "zh_Hans": "花"
        }
    },
    {
        "number": 16,
        "emoji": "🌳",
        "description": "Tree",
        "unicode": "U+1F333",
        "translated_descriptions": {
            "ar": "شَجَرَة",
            "bg": "Дърво",
            "ca": "Arbre",
            "cs": "Strom",
            "de": "Baum",
            "eo": "Arbo",
            "es": "Árbol",
            "et": "Puu",
            "fi": "Puu",
            "fr": "Arbre",
            "hr": "drvo",
            "hu": "Fa",
            "it": "Albero",
            "ja": "木",
            "nb_NO": "Tre",
            "nl": "Boom",
            "pt_BR": "Árvore",
            "ru": "Дерево",
            "si": null,
            "sk": "Listnatý strom",
            "sr": "дрво",
            "sv": "Träd",
            "szl": null,
            "tzm": "Aseklu",
            "uk": "Дерево",
            "zh_Hans": "树"
        }
    },
    {
        "number": 17,
        "emoji": "🌵",
        "description": "Cactus",
        "unicode": "U+1F335",
        "translated_descriptions": {
            "ar": "صبار",
            "bg": "Кактус",
            "ca": "Cactus",
            "cs": "Kaktus",
            "de": "Kaktus",
            "eo": "Kakto",
            "es": "Cactus",
            "et": "Kaktus",
            "fi": "Kaktus",
            "fr": "Cactus",
            "hr": "kaktus",
            "hu": "Kaktusz",
            "it": "Cactus",
            "ja": "サボテン",
            "nb_NO": "Kaktus",
            "nl": "Cactus",
            "pt_BR": "Cacto",
            "ru": "Кактус",
            "si": null,
            "sk": "Kaktus",
            "sr": "кактус",
            "sv": "Kaktus",
            "szl": null,
            "tzm": null,
            "uk": "Кактус",
            "zh_Hans": "仙人掌"
        }
    },
    {
        "number": 18,
        "emoji": "🍄",
        "description": "Mushroom",
        "unicode": "U+1F344",
        "translated_descriptions": {
            "ar": "فُطر",
            "bg": "Гъба",
            "ca": "Bolet",
            "cs": "Houba",
            "de": "Pilz",
            "eo": "Fungo",
            "es": "Seta",
            "et": "Seen",
            "fi": "Sieni",
            "fr": "Champignon",
            "hr": "gljiva",
            "hu": "Gomba",
            "it": "Fungo",
            "ja": "きのこ",
            "nb_NO": "Sopp",
            "nl": "Paddenstoel",
            "pt_BR": "Cogumelo",
            "ru": "Гриб",
            "si": null,
            "sk": "Huba",
            "sr": "печурка",
            "sv": "Svamp",
            "szl": null,
            "tzm": "Agursel",
            "uk": "Гриб",
            "zh_Hans": "蘑菇"
        }
    },
    {
        "number": 19,
        "emoji": "🌏",
        "description": "Globe",
        "unicode": "U+1F30F",
        "translated_descriptions": {
            "ar": "كُرَةٌ أرضِيَّة",
            "bg": "Глобус",
            "ca": "Globus terraqüi",
            "cs": "Zeměkoule",
            "de": "Globus",
            "eo": "Globo",
            "es": "Globo",
            "et": "Maakera",
            "fi": "Maapallo",
            "fr": "Globe",
            "hr": "Globus",
            "hu": "Földgömb",
            "it": "Globo",
            "ja": "地球",
            "nb_NO": "Globus",
            "nl": "Wereldbol",
            "pt_BR": "Globo",
            "ru": "Глобус",
            "si": null,
            "sk": "Zemeguľa",
            "sr": "глобус",
            "sv": "Jordklot",
            "szl": null,
            "tzm": null,
            "uk": "Глобус",
            "zh_Hans": "地球"
        }
    },
    {
        "number": 20,
        "emoji": "🌙",
        "description": "Moon",
        "unicode": "U+1F319",
        "translated_descriptions": {
            "ar": "قَمَر",
            "bg": "Луна",
            "ca": "Lluna",
            "cs": "Měsíc",
            "de": "Mond",
            "eo": "Luno",
            "es": "Luna",
            "et": "Kuu",
            "fi": "Kuu",
            "fr": "Lune",
            "hr": "mjesec",
            "hu": "Hold",
            "it": "Luna",
            "ja": "月",
            "nb_NO": "Måne",
            "nl": "Maan",
            "pt_BR": "Lua",
            "ru": "Луна",
            "si": null,
            "sk": "Polmesiac",
            "sr": "месец",
            "sv": "Måne",
            "szl": null,
            "tzm": "Ayyur",
            "uk": "Місяць",
            "zh_Hans": "月亮"
        }
    },
    {
        "number": 21,
        "emoji": "☁️",
        "description": "Cloud",
        "unicode": "U+2601U+FE0F",
        "translated_descriptions": {
            "ar": "سَحابَة",
            "bg": "Облак",
            "ca": "Núvol",
            "cs": "Mrak",
            "de": "Wolke",
            "eo": "Nubo",
            "es": "Nube",
            "et": "Pilv",
            "fi": "Pilvi",
            "fr": "Nuage",
            "hr": "oblak",
            "hu": "Felhő",
            "it": "Nuvola",
            "ja": "雲",
            "nb_NO": "Sky",
            "nl": "Wolk",
            "pt_BR": "Nuvem",
            "ru": "Облако",
            "si": null,
            "sk": "Oblak",
            "sr": "облак",
            "sv": "Moln",
            "szl": null,
            "tzm": null,
            "uk": "Хмара",
            "zh_Hans": "云"
        }
    },
    {
        "number": 22,
        "emoji": "🔥",
        "description": "Fire",
        "unicode": "U+1F525",
        "translated_descriptions": {
            "ar": "نار",
            "bg": "Огън",
            "ca": "Foc",
            "cs": "Oheň",
            "de": "Feuer",
            "eo": "Fajro",
            "es": "Fuego",
            "et": "Tuli",
            "fi": "Tuli",
            "fr": "Feu",
            "hr": "vatra",
            "hu": "Tűz",
            "it": "Fuoco",
            "ja": "炎",
            "nb_NO": "Flamme",
            "nl": "Vuur",
            "pt_BR": "Fogo",
            "ru": "Огонь",
            "si": null,
            "sk": "Oheň",
            "sr": "ватра",
            "sv": "Eld",
            "szl": null,
            "tzm": "Timessi",
            "uk": "Вогонь",
            "zh_Hans": "火"
        }
    },
    {
        "number": 23,
        "emoji": "🍌",
        "description": "Banana",
        "unicode": "U+1F34C",
        "translated_descriptions": {
            "ar": "مَوزَة",
            "bg": "Банан",
            "ca": "Plàtan",
            "cs": "Banán",
            "de": "Banane",
            "eo": "Banano",
            "es": "Plátano",
            "et": "Banaan",
            "fi": "Banaani",
            "fr": "Banane",
            "hr": "banana",
            "hu": "Banán",
            "it": "Banana",
            "ja": "バナナ",
            "nb_NO": "Banan",
            "nl": "Banaan",
            "pt_BR": "Banana",
            "ru": "Банан",
            "si": null,
            "sk": "Banán",
            "sr": "банана",
            "sv": "Banan",
            "szl": null,
            "tzm": "Tabanant",
            "uk": "Банан",
            "zh_Hans": "香蕉"
        }
    },
    {
        "number": 24,
        "emoji": "🍎",
        "description": "Apple",
        "unicode": "U+1F34E",
        "translated_descriptions": {
            "ar": "تُفَّاحَة",
            "bg": "Ябълка",
            "ca": "Poma",
            "cs": "Jablko",
            "de": "Apfel",
            "eo": "Pomo",
            "es": "Manzana",
            "et": "Õun",
            "fi": "Omena",
            "fr": "Pomme",
            "hr": "jabuka",
            "hu": "Alma",
            "it": "Mela",
            "ja": "リンゴ",
            "nb_NO": "Eple",
            "nl": "Appel",
            "pt_BR": "Maçã",
            "ru": "Яблоко",
            "si": null,
            "sk": "Červené jablko",
            "sr": "јабука",
            "sv": "Äpple",
            "szl": null,
            "tzm": "Tadeffuyt",
            "uk": "Яблуко",
            "zh_Hans": "苹果"
        }
    },
    {
        "number": 25,
        "emoji": "🍓",
        "description": "Strawberry",
        "unicode": "U+1F353",
        "translated_descriptions": {
            "ar": "فَراوِلَة",
            "bg": "Ягода",
            "ca": "Maduixa",
            "cs": "Jahoda",
            "de": "Erdbeere",
            "eo": "Frago",
            "es": "Fresa",
            "et": "Maasikas",
            "fi": "Mansikka",
            "fr": "Fraise",
            "hr": "jagoda",
            "hu": "Eper",
            "it": "Fragola",
            "ja": "いちご",
            "nb_NO": "Jordbær",
            "nl": "Aardbei",
            "pt_BR": "Morango",
            "ru": "Клубника",
            "si": null,
            "sk": "Jahoda",
            "sr": "јагода",
            "sv": "Jordgubbe",
            "szl": null,
            "tzm": null,
            "uk": "Полуниця",
            "zh_Hans": "草莓"
        }
    },
    {
        "number": 26,
        "emoji": "🌽",
        "description": "Corn",
        "unicode": "U+1F33D",
        "translated_descriptions": {
            "ar": "ذُرَة",
            "bg": "Царевица",
            "ca": "Blat de moro",
            "cs": "Kukuřice",
            "de": "Mais",
            "eo": "Maizo",
            "es": "Maíz",
            "et": "Mais",
            "fi": "Maissi",
            "fr": "Maïs",
            "hr": "kukuruza",
            "hu": "Kukorica",
            "it": "Mais",
            "ja": "とうもろこし",
            "nb_NO": "Mais",
            "nl": "Maïs",
            "pt_BR": "Milho",
            "ru": "Кукуруза",
            "si": null,
            "sk": "Kukuričný klas",
            "sr": "кукуруз",
            "sv": "Majs",
            "szl": null,
            "tzm": null,
            "uk": "Кукурудза",
            "zh_Hans": "玉米"
        }
    },
    {
        "number": 27,
        "emoji": "🍕",
        "description": "Pizza",
        "unicode": "U+1F355",
        "translated_descriptions": {
            "ar": "بِيتزا",
            "bg": "Пица",
            "ca": "Pizza",
            "cs": "Pizza",
            "de": "Pizza",
            "eo": "Pico",
            "es": "Pizza",
            "et": "Pitsa",
            "fi": "Pizza",
            "fr": "Pizza",
            "hr": "pizza",
            "hu": "Pizza",
            "it": "Pizza",
            "ja": "ピザ",
            "nb_NO": "Pizza",
            "nl": "Pizza",
            "pt_BR": "Pizza",
            "ru": "Пицца",
            "si": null,
            "sk": "Pizza",
            "sr": "пица",
            "sv": "Pizza",
            "szl": null,
            "tzm": null,
            "uk": "Піца",
            "zh_Hans": "披萨"
        }
    },
    {
        "number": 28,
        "emoji": "🎂",
        "description": "Cake",
        "unicode": "U+1F382",
        "translated_descriptions": {
            "ar": "كَعكَة",
            "bg": "Торта",
            "ca": "Pastís",
            "cs": "Dort",
            "de": "Kuchen",
            "eo": "Torto",
            "es": "Tarta",
            "et": "Kook",
            "fi": "Kakku",
            "fr": "Gâteau",
            "hr": "torta",
            "hu": "Süti",
            "it": "Torta",
            "ja": "ケーキ",
            "nb_NO": "Kake",
            "nl": "Taart",
            "pt_BR": "Bolo",
            "ru": "Торт",
            "si": null,
            "sk": "Narodeninová torta",
            "sr": "торта",
            "sv": "Tårta",
            "szl": null,
            "tzm": null,
            "uk": "Пиріг",
            "zh_Hans": "蛋糕"
        }
    },
    {
        "number": 29,
        "emoji": "❤️",
        "description": "Heart",
        "unicode": "U+2764U+FE0F",
        "translated_descriptions": {
            "ar": "قَلب",
            "bg": "Сърце",
            "ca": "Cor",
            "cs": "Srdce",
            "de": "Herz",
            "eo": "Koro",
            "es": "Corazón",
            "et": "Süda",
            "fi": "Sydän",
            "fr": "Cœur",
            "hr": "srca",
            "hu": "Szív",
            "it": "Cuore",
            "ja": "ハート",
            "nb_NO": "Hjerte",
            "nl": "Hart",
            "pt_BR": "Coração",
            "ru": "Сердце",
            "si": null,
            "sk": "červené srdce",
            "sr": "срце",
            "sv": "Hjärta",
            "szl": null,
            "tzm": "Ul",
            "uk": "Серце",
            "zh_Hans": "心"
        }
    },
    {
        "number": 30,
        "emoji": "😀",
        "description": "Smiley",
        "unicode": "U+1F600",
        "translated_descriptions": {
            "ar": "اِبتِسَامَة",
            "bg": "Усмивка",
            "ca": "Somrient",
            "cs": "Smajlík",
            "de": "Lächeln",
            "eo": "Rideto",
            "es": "Emoticono",
            "et": "Smaili",
            "fi": "Hymynaama",
            "fr": "Sourire",
            "hr": "smajlića",
            "hu": "Mosoly",
            "it": "Faccina sorridente",
            "ja": "スマイル",
            "nb_NO": "Smilefjes",
            "nl": "Smiley",
            "pt_BR": "Sorriso",
            "ru": "Улыбка",
            "si": null,
            "sk": "Škeriaca sa tvár",
            "sr": "смајли",
            "sv": "Smiley",
            "szl": null,
            "tzm": null,
            "uk": "Посмішка",
            "zh_Hans": "笑脸"
        }
    },
    {
        "number": 31,
        "emoji": "🤖",
        "description": "Robot",
        "unicode": "U+1F916",
        "translated_descriptions": {
            "ar": "رُوبُوت",
            "bg": "Робот",
            "ca": "Robot",
            "cs": "Robot",
            "de": "Roboter",
            "eo": "Roboto",
            "es": "Robot",
            "et": "Robot",
            "fi": "Robotti",
            "fr": "Robot",
            "hr": "robot",
            "hu": "Robot",
            "it": "Robot",
            "ja": "ロボと",
            "nb_NO": "Robot",
            "nl": "Robot",
            "pt_BR": "Robô",
            "ru": "Робот",
            "si": null,
            "sk": "Robot",
            "sr": "робот",
            "sv": "Robot",
            "szl": null,
            "tzm": "Aṛubu",
            "uk": "Робот",
            "zh_Hans": "机器人"
        }
    },
    {
        "number": 32,
        "emoji": "🎩",
        "description": "Hat",
        "unicode": "U+1F3A9",
        "translated_descriptions": {
            "ar": "قُبَّعَة",
            "bg": "Шапка",
            "ca": "Barret",
            "cs": "Klobouk",
            "de": "Hut",
            "eo": "Ĉapelo",
            "es": "Sombrero",
            "et": "Kübar",
            "fi": "Hattu",
            "fr": "Chapeau",
            "hr": "kapa",
            "hu": "Kalap",
            "it": "Cappello",
            "ja": "帽子",
            "nb_NO": "Hatt",
            "nl": "Hoed",
            "pt_BR": "Chapéu",
            "ru": "Шляпа",
            "si": null,
            "sk": "Cilinder",
            "sr": "шешир",
            "sv": "Hatt",
            "szl": null,
            "tzm": "Taraza",
            "uk": "Капелюх",
            "zh_Hans": "帽子"
        }
    },
    {
        "number": 33,
        "emoji": "👓",
        "description": "Glasses",
        "unicode": "U+1F453",
        "translated_descriptions": {
            "ar": "نَظَّارَة",
            "bg": "Очила",
            "ca": "Ulleres",
            "cs": "Brýle",
            "de": "Brille",
            "eo": "Okulvitroj",
            "es": "Gafas",
            "et": "Prillid",
            "fi": "Silmälasit",
            "fr": "Lunettes",
            "hr": "naočale",
            "hu": "Szemüveg",
            "it": "Occhiali",
            "ja": "めがね",
            "nb_NO": "Briller",
            "nl": "Bril",
            "pt_BR": "Óculos",
            "ru": "Очки",
            "si": null,
            "sk": "Okuliare",
            "sr": "наочаре",
            "sv": "Glasögon",
            "szl": null,
            "tzm": null,
            "uk": "Окуляри",
            "zh_Hans": "眼镜"
        }
    },
    {
        "number": 34,
        "emoji": "🔧",
        "description": "Spanner",
        "unicode": "U+1F527",
        "translated_descriptions": {
            "ar": "مِفتَاحُ رَبط",
            "bg": "Гаечен ключ",
            "ca": "Clau anglesa",
            "cs": "Klíč",
            "de": "Schraubenschlüssel",
            "eo": "Ŝraŭbŝlosilo",
            "es": "Llave inglesa",
            "et": "Mutrivõti",
            "fi": "Kiintoavain",
            "fr": "Clé à molette",
            "hr": "ključ",
            "hu": "Csavarkulcs",
            "it": "Chiave inglese",
            "ja": "スパナ",
            "nb_NO": "Fastnøkkel",
            "nl": "Moersleutel",
            "pt_BR": "Chave inglesa",
            "ru": "Ключ",
            "si": null,
            "sk": "Francúzsky kľúč",
            "sr": "кључ",
            "sv": "Skruvnyckel",
            "szl": null,
            "tzm": null,
            "uk": "Гайковий ключ",
            "zh_Hans": "扳手"
        }
    },
    {
        "number": 35,
        "emoji": "🎅",
        "description": "Santa",
        "unicode": "U+1F385",
        "translated_descriptions": {
            "ar": "سانتا",
            "bg": "Дядо Коледа",
            "ca": "Pare Noél",
            "cs": "Mikuláš",
            "de": "Weihnachtsmann",
            "eo": "Kristnaska viro",
            "es": "Papá Noel",
            "et": "Jõuluvana",
            "fi": "Joulupukki",
            "fr": "Père Noël",
            "hr": "deda Mraz",
            "hu": "Télapó",
            "it": "Babbo Natale",
            "ja": "サンタ",
            "nb_NO": "Julenisse",
            "nl": "Kerstman",
            "pt_BR": "Papai-noel",
            "ru": "Санта",
            "si": null,
            "sk": "Santa Claus",
            "sr": "деда Мраз",
            "sv": "Tomte",
            "szl": null,
            "tzm": null,
            "uk": "Санта Клаус",
            "zh_Hans": "圣诞老人"
        }
    },
    {
        "number": 36,
        "emoji": "👍",
        "description": "Thumbs Up",
        "unicode": "U+1F44D",
        "translated_descriptions": {
            "ar": "رَفعُ إِبهَام",
            "bg": "Палец нагоре",
            "ca": "Polzes amunt",
            "cs": "Palec nahoru",
            "de": "Daumen Hoch",
            "eo": "Dikfingro supren",
            "es": "Pulgar arriba",
            "et": "Pöidlad püsti",
            "fi": "Peukalo ylös",
            "fr": "Pouce en l’air",
            "hr": "palac gore",
            "hu": "Hüvelykujj fel",
            "it": "Pollice alzato",
            "ja": "いいね",
            "nb_NO": "Tommel Opp",
            "nl": "Duim omhoog",
            "pt_BR": "Joinha",
            "ru": "Большой палец вверх",
            "si": null,
            "sk": "Palec nahor",
            "sr": "палчић горе",
            "sv": "Tummen upp",
            "szl": null,
            "tzm": null,
            "uk": "Великий палець вгору",
            "zh_Hans": "赞"
        }
    },
    {
        "number": 37,
        "emoji": "☂️",
        "description": "Umbrella",
        "unicode": "U+2602U+FE0F",
        "translated_descriptions": {
            "ar": "مِظَلَّة",
            "bg": "Чадър",
            "ca": "Paraigües",
            "cs": "Deštník",
            "de": "Regenschirm",
            "eo": "Ombrelo",
            "es": "Paraguas",
            "et": "Vihmavari",
            "fi": "Sateenvarjo",
            "fr": "Parapluie",
            "hr": "kišobran",
            "hu": "Esernyő",
            "it": "Ombrello",
            "ja": "傘",
            "nb_NO": "Paraply",
            "nl": "Paraplu",
            "pt_BR": "Guarda-chuva",
            "ru": "Зонт",
            "si": null,
            "sk": "Dáždnik",
            "sr": "кишобран",
            "sv": "Paraply",
            "szl": null,
            "tzm": null,
            "uk": "Парасолька",
            "zh_Hans": "伞"
        }
    },
    {
        "number": 38,
        "emoji": "⌛",
        "description": "Hourglass",
        "unicode": "U+231B",
        "translated_descriptions": {
            "ar": "سَاعَةٌ رَملِيَّة",
            "bg": "Пясъчен часовник",
            "ca": "Rellotge de sorra",
            "cs": "Přesýpací hodiny",
            "de": "Sanduhr",
            "eo": "Sablohorloĝo",
            "es": "Reloj de arena",
            "et": "Liivakell",
            "fi": "Tiimalasi",
            "fr": "Sablier",
            "hr": "pješčani sat",
            "hu": "Homokóra",
            "it": "Clessidra",
            "ja": "砂時計",
            "nb_NO": "Timeglass",
            "nl": "Zandloper",
            "pt_BR": "Ampulheta",
            "ru": "Песочные часы",
            "si": null,
            "sk": "Presýpacie hodiny",
            "sr": "пешчаник",
            "sv": "Timglas",
            "szl": null,
            "tzm": null,
            "uk": "Пісковий годинник",
            "zh_Hans": "沙漏"
        }
    },
    {
        "number": 39,
        "emoji": "⏰",
        "description": "Clock",
        "unicode": "U+23F0",
        "translated_descriptions": {
            "ar": "سَاعَة",
            "bg": "Часовник",
            "ca": "Rellotge",
            "cs": "Hodiny",
            "de": "Uhr",
            "eo": "Horloĝo",
            "es": "Reloj",
            "et": "Kell",
            "fi": "Pöytäkello",
            "fr": "Réveil",
            "hr": "sat",
            "hu": "Óra",
            "it": "Orologio",
            "ja": "時計",
            "nb_NO": "Klokke",
            "nl": "Wekker",
            "pt_BR": "Relógio",
            "ru": "Часы",
            "si": null,
            "sk": "Budík",
            "sr": "сат",
            "sv": "Klocka",
            "szl": null,
            "tzm": null,
            "uk": "Годинник",
            "zh_Hans": "时钟"
        }
    },
    {
        "number": 40,
        "emoji": "🎁",
        "description": "Gift",
        "unicode": "U+1F381",
        "translated_descriptions": {
            "ar": "هَدِيَّة",
            "bg": "Подарък",
            "ca": "Regal",
            "cs": "Dárek",
            "de": "Geschenk",
            "eo": "Donaco",
            "es": "Regalo",
            "et": "Kingitus",
            "fi": "Lahja",
            "fr": "Cadeau",
            "hr": "poklon",
            "hu": "Ajándék",
            "it": "Regalo",
            "ja": "ギフト",
            "nb_NO": "Gave",
            "nl": "Geschenk",
            "pt_BR": "Presente",
            "ru": "Подарок",
            "si": null,
            "sk": "Zabalený darček",
            "sr": "поклон",
            "sv": "Present",
            "szl": null,
            "tzm": null,
            "uk": "Подарунок",
            "zh_Hans": "礼物"
        }
    },
    {
        "number": 41,
        "emoji": "💡",
        "description": "Light Bulb",
        "unicode": "U+1F4A1",
        "translated_descriptions": {
            "ar": "مِصبَاح",
            "bg": "Лампа",
            "ca": "Bombeta",
            "cs": "Žárovka",
            "de": "Glühbirne",
            "eo": "Lampo",
            "es": "Bombilla",
            "et": "Lambipirn",
            "fi": "Hehkulamppu",
            "fr": "Ampoule",
            "hr": "žarulja",
            "hu": "Égő",
            "it": "Lampadina",
            "ja": "電球",
            "nb_NO": "Lyspære",
            "nl": "Gloeilamp",
            "pt_BR": "Lâmpada",
            "ru": "Лампочка",
            "si": null,
            "sk": "Žiarovka",
            "sr": "сијалица",
            "sv": "Lampa",
            "szl": null,
            "tzm": null,
            "uk": "Лампочка",
            "zh_Hans": "灯泡"
        }
    },
    {
        "number": 42,
        "emoji": "📕",
        "description": "Book",
        "unicode": "U+1F4D5",
        "translated_descriptions": {
            "ar": "كِتَاب",
            "bg": "Книга",
            "ca": "Llibre",
            "cs": "Kniha",
            "de": "Buch",
            "eo": "Libro",
            "es": "Libro",
            "et": "Raamat",
            "fi": "Kirja",
            "fr": "Livre",
            "hr": "knjiga",
            "hu": "Könyv",
            "it": "Libro",
            "ja": "本",
            "nb_NO": "Bok",
            "nl": "Boek",
            "pt_BR": "Livro",
            "ru": "Книга",
            "si": null,
            "sk": "Zatvorená kniha",
            "sr": "књига",
            "sv": "Bok",
            "szl": null,
            "tzm": "Adlis",
            "uk": "Книга",
            "zh_Hans": "书"
        }
    },
    {
        "number": 43,
        "emoji": "✏️",
        "description": "Pencil",
        "unicode": "U+270FU+FE0F",
        "translated_descriptions": {
            "ar": "قَلَمُ رَصاص",
            "bg": "Молив",
            "ca": "Llapis",
            "cs": "Tužka",
            "de": "Bleistift",
            "eo": "Krajono",
            "es": "Lápiz",
            "et": "Pliiats",
            "fi": "Lyijykynä",
            "fr": "Crayon",
            "hr": "olovka",
            "hu": "Ceruza",
            "it": "Matita",
            "ja": "鉛筆",
            "nb_NO": "Blyant",
            "nl": "Potlood",
            "pt_BR": "Lápis",
            "ru": "Карандаш",
            "si": null,
            "sk": "Ceruzka",
            "sr": "оловка",
            "sv": "Penna",
            "szl": null,
            "tzm": null,
            "uk": "Олівець",
            "zh_Hans": "铅笔"
        }
    },
    {
        "number": 44,
        "emoji": "📎",
        "description": "Paperclip",
        "unicode": "U+1F4CE",
        "translated_descriptions": {
            "ar": "مِشبَكُ وَرَق",
            "bg": "Кламер",
            "ca": "Clip",
            "cs": "Sponka",
            "de": "Büroklammer",
            "eo": "Paperkuntenilo",
            "es": "Clip",
            "et": "Kirjaklamber",
            "fi": "Paperiliitin",
            "fr": "Trombone",
            "hr": "spajalica",
            "hu": "Gémkapocs",
            "it": "Graffetta",
            "ja": "クリップ",
            "nb_NO": "BInders",
            "nl": "Papierklemmetje",
            "pt_BR": "Clipe de papel",
            "ru": "Скрепка",
            "si": null,
            "sk": "Sponka na papier",
            "sr": "спајалица",
            "sv": "Gem",
            "szl": null,
            "tzm": null,
            "uk": "Спиначка",
            "zh_Hans": "回形针"
        }
    },
    {
        "number": 45,
        "emoji": "✂️",
        "description": "Scissors",
        "unicode": "U+2702U+FE0F",
        "translated_descriptions": {
            "ar": "مِقَصّ",
            "bg": "Ножици",
            "ca": "Tisores",
            "cs": "Nůžky",
            "de": "Schere",
            "eo": "Tondilo",
            "es": "Tijeras",
            "et": "Käärid",
            "fi": "Sakset",
            "fr": "Ciseaux",
            "hr": "škare",
            "hu": "Olló",
            "it": "Forbici",
            "ja": "はさみ",
            "nb_NO": "Saks",
            "nl": "Schaar",
            "pt_BR": "Tesoura",
            "ru": "Ножницы",
            "si": null,
            "sk": "Nožnice",
            "sr": "маказе",
            "sv": "Sax",
            "szl": null,
            "tzm": null,
            "uk": "Ножиці",
            "zh_Hans": "剪刀"
        }
    },
    {
        "number": 46,
        "emoji": "🔒",
        "description": "Lock",
        "unicode": "U+1F512",
        "translated_descriptions": {
            "ar": "قُفل",
            "bg": "Катинар",
            "ca": "Cadenat",
            "cs": "Zámek",
            "de": "Schloss",
            "eo": "Seruro",
            "es": "Candado",
            "et": "Lukk",
            "fi": "Lukko",
            "fr": "Cadenas",
            "hr": "zaključati",
            "hu": "Lakat",
            "it": "Lucchetto",
            "ja": "錠前",
            "nb_NO": "Lås",
            "nl": "Slot",
            "pt_BR": "Cadeado",
            "ru": "Замок",
            "si": null,
            "sk": "Zatvorená zámka",
            "sr": "катанац",
            "sv": "Lås",
            "szl": null,
            "tzm": null,
            "uk": "Замок",
            "zh_Hans": "锁"
        }
    },
    {
        "number": 47,
        "emoji": "🔑",
        "description": "Key",
        "unicode": "U+1F511",
        "translated_descriptions": {
            "ar": "مِفتَاح",
            "bg": "Ключ",
            "ca": "Clau",
            "cs": "Klíč",
            "de": "Schlüssel",
            "eo": "Ŝlosilo",
            "es": "Llave",
            "et": "Võti",
            "fi": "Avain",
            "fr": "Clé",
            "hr": "ključ",
            "hu": "Kulcs",
            "it": "Chiave",
            "ja": "鍵",
            "nb_NO": "Nøkkel",
            "nl": "Sleutel",
            "pt_BR": "Chave",
            "ru": "Ключ",
            "si": null,
            "sk": "Kľúč",
            "sr": "кључ",
            "sv": "Nyckel",
            "szl": null,
            "tzm": "Tasarut",
            "uk": "Ключ",
            "zh_Hans": "钥匙"
        }
    },
    {
        "number": 48,
        "emoji": "🔨",
        "description": "Hammer",
        "unicode": "U+1F528",
        "translated_descriptions": {
            "ar": "مِطرَقَة",
            "bg": "Чук",
            "ca": "Martell",
            "cs": "Kladivo",
            "de": "Hammer",
            "eo": "Martelo",
            "es": "Martillo",
            "et": "Haamer",
            "fi": "Vasara",
            "fr": "Marteau",
            "hr": "čekić",
            "hu": "Kalapács",
            "it": "Martello",
            "ja": "金槌",
            "nb_NO": "Hammer",
            "nl": "Hamer",
            "pt_BR": "Martelo",
            "ru": "Молоток",
            "si": null,
            "sk": "Kladivo",
            "sr": "чекић",
            "sv": "Hammare",
            "szl": null,
            "tzm": null,
            "uk": "Молоток",
            "zh_Hans": "锤子"
        }
    },
    {
        "number": 49,
        "emoji": "☎️",
        "description": "Telephone",
        "unicode": "U+260EU+FE0F",
        "translated_descriptions": {
            "ar": "تِلِفُون",
            "bg": "Телефон",
            "ca": "Telèfon",
            "cs": "Telefon",
            "de": "Telefon",
            "eo": "Telefono",
            "es": "Telefono",
            "et": "Telefon",
            "fi": "Puhelin",
            "fr": "Téléphone",
            "hr": "telefon",
            "hu": "Telefon",
            "it": "Telefono",
            "ja": "電話機",
            "nb_NO": "Telefon",
            "nl": "Telefoon",
            "pt_BR": "Telefone",
            "ru": "Телефон",
            "si": null,
            "sk": "Telefón",
            "sr": "телефон",
            "sv": "Telefon",
            "szl": null,
            "tzm": "Atilifun",
            "uk": "Телефон",
            "zh_Hans": "电话"
        }
    },
    {
        "number": 50,
        "emoji": "🏁",
        "description": "Flag",
        "unicode": "U+1F3C1",
        "translated_descriptions": {
            "ar": "عَلَم",
            "bg": "Флаг",
            "ca": "Bandera",
            "cs": "Vlajka",
            "de": "Flagge",
            "eo": "Flago",
            "es": "Bandera",
            "et": "Lipp",
            "fi": "Lippu",
            "fr": "Drapeau",
            "hr": "zastava",
            "hu": "Zászló",
            "it": "Bandiera",
            "ja": "旗",
            "nb_NO": "Flagg",
            "nl": "Vlag",
            "pt_BR": "Bandeira",
            "ru": "Флаг",
            "si": null,
            "sk": "Kockovaná zástava",
            "sr": "застава",
            "sv": "Flagga",
            "szl": null,
            "tzm": "Acenyal",
            "uk": "Прапор",
            "zh_Hans": "旗帜"
        }
    },
    {
        "number": 51,
        "emoji": "🚂",
        "description": "Train",
        "unicode": "U+1F682",
        "translated_descriptions": {
            "ar": "قِطَار",
            "bg": "Влак",
            "ca": "Tren",
            "cs": "Vlak",
            "de": "Zug",
            "eo": "Vagonaro",
            "es": "Tren",
            "et": "Rong",
            "fi": "Juna",
            "fr": "Train",
            "hr": "vlak",
            "hu": "Vonat",
            "it": "Treno",
            "ja": "電車",
            "nb_NO": "Tog",
            "nl": "Trein",
            "pt_BR": "Trem",
            "ru": "Поезд",
            "si": null,
            "sk": "Rušeň",
            "sr": "воз",
            "sv": "Tåg",
            "szl": null,
            "tzm": null,
            "uk": "Потяг",
            "zh_Hans": "火车"
        }
    },
    {
        "number": 52,
        "emoji": "🚲",
        "description": "Bicycle",
        "unicode": "U+1F6B2",
        "translated_descriptions": {
            "ar": "دَرّاجَة",
            "bg": "Колело",
            "ca": "Bicicleta",
            "cs": "Kolo",
            "de": "Fahrrad",
            "eo": "Biciklo",
            "es": "Bicicleta",
            "et": "Jalgratas",
            "fi": "Polkupyörä",
            "fr": "Vélo",
            "hr": "bicikl",
            "hu": "Kerékpár",
            "it": "Bicicletta",
            "ja": "自転車",
            "nb_NO": "Sykkel",
            "nl": "Fiets",
            "pt_BR": "Bicicleta",
            "ru": "Велосипед",
            "si": null,
            "sk": "Bicykel",
            "sr": "бицикл",
            "sv": "Cykel",
            "szl": null,
            "tzm": null,
            "uk": "Велосипед",
            "zh_Hans": "自行车"
        }
    },
    {
        "number": 53,
        "emoji": "✈️",
        "description": "Aeroplane",
        "unicode": "U+2708U+FE0F",
        "translated_descriptions": {
            "ar": "طَائِرة",
            "bg": "Самолет",
            "ca": "Avió",
            "cs": "Letadlo",
            "de": "Flugzeug",
            "eo": "Aviadilo",
            "es": "Avión",
            "et": "Lennuk",
            "fi": "Lentokone",
            "fr": "Avion",
            "hr": "avion",
            "hu": "Repülő",
            "it": "Aeroplano",
            "ja": "飛行機",
            "nb_NO": "Fly",
            "nl": "Vliegtuig",
            "pt_BR": "Avião",
            "ru": "Самолет",
            "si": null,
            "sk": "Lietadlo",
            "sr": "авион",
            "sv": "Flygplan",
            "szl": null,
            "tzm": null,
            "uk": "Літак",
            "zh_Hans": "飞机"
        }
    },
    {
        "number": 54,
        "emoji": "🚀",
        "description": "Rocket",
        "unicode": "U+1F680",
        "translated_descriptions": {
            "ar": "صَارُوخ",
            "bg": "Ракета",
            "ca": "Coet",
            "cs": "Raketa",
            "de": "Rakete",
            "eo": "Raketo",
            "es": "Cohete",
            "et": "Rakett",
            "fi": "Raketti",
            "fr": "Fusée",
            "hr": "raketa",
            "hu": "Rakáta",
            "it": "Razzo",
            "ja": "ロケット",
            "nb_NO": "Rakett",
            "nl": "Raket",
            "pt_BR": "Foguete",
            "ru": "Ракета",
            "si": null,
            "sk": "Raketa",
            "sr": "ракета",
            "sv": "Raket",
            "szl": null,
            "tzm": null,
            "uk": "Ракета",
            "zh_Hans": "火箭"
        }
    },
    {
        "number": 55,
        "emoji": "🏆",
        "description": "Trophy",
        "unicode": "U+1F3C6",
        "translated_descriptions": {
            "ar": "كَأسُ النَّصر",
            "bg": "Трофей",
            "ca": "Trofeu",
            "cs": "Pohár",
            "de": "Pokal",
            "eo": "Trofeo",
            "es": "Trofeo",
            "et": "Auhind",
            "fi": "Palkinto",
            "fr": "Trophée",
            "hr": "trofej",
            "hu": "Trófea",
            "it": "Trofeo",
            "ja": "トロフィー",
            "nb_NO": "Pokal",
            "nl": "Trofee",
            "pt_BR": "Troféu",
            "ru": "Кубок",
            "si": null,
            "sk": "Trofej",
            "sr": "пехар",
            "sv": "Trofé",
            "szl": null,
            "tzm": null,
            "uk": "Приз",
            "zh_Hans": "奖杯"
        }
    },
    {
        "number": 56,
        "emoji": "⚽",
        "description": "Ball",
        "unicode": "U+26BD",
        "translated_descriptions": {
            "ar": "كُرَة",
            "bg": "Топка",
            "ca": "Pilota",
            "cs": "Míč",
            "de": "Ball",
            "eo": "Pilko",
            "es": "Bola",
            "et": "Pall",
            "fi": "Pallo",
            "fr": "Ballon",
            "hr": "lopta",
            "hu": "Labda",
            "it": "Palla",
            "ja": "ボール",
            "nb_NO": "Ball",
            "nl": "Bal",
            "pt_BR": "Bola",
            "ru": "Мяч",
            "si": null,
            "sk": "Futbal",
            "sr": "лопта",
            "sv": "Boll",
            "szl": null,
            "tzm": "Tcama",
            "uk": "М'яч",
            "zh_Hans": "球"
        }
    },
    {
        "number": 57,
        "emoji": "🎸",
        "description": "Guitar",
        "unicode": "U+1F3B8",
        "translated_descriptions": {
            "ar": "غيتار",
            "bg": "Китара",
            "ca": "Guitarra",
            "cs": "Kytara",
            "de": "Gitarre",
            "eo": "Gitaro",
            "es": "Guitarra",
            "et": "Kitarr",
            "fi": "Kitara",
            "fr": "Guitare",
            "hr": "gitara",
            "hu": "Gitár",
            "it": "Chitarra",
            "ja": "ギター",
            "nb_NO": "Gitar",
            "nl": "Gitaar",
            "pt_BR": "Guitarra",
            "ru": "Гитара",
            "si": null,
            "sk": "Gitara",
            "sr": "гитара",
            "sv": "Gitarr",
            "szl": null,
            "tzm": "Agiṭaṛ",
            "uk": "Гітара",
            "zh_Hans": "吉他"
        }
    },
    {
        "number": 58,
        "emoji": "🎺",
        "description": "Trumpet",
        "unicode": "U+1F3BA",
        "translated_descriptions": {
            "ar": "بُوق",
            "bg": "Тромпет",
            "ca": "Trompeta",
            "cs": "Trumpeta",
            "de": "Trompete",
            "eo": "Trumpeto",
            "es": "Trompeta",
            "et": "Trompet",
            "fi": "Trumpetti",
            "fr": "Trompette",
            "hr": "truba",
            "hu": "Trombita",
            "it": "Trombetta",
            "ja": "トランペット",
            "nb_NO": "Trompet",
            "nl": "Trompet",
            "pt_BR": "Trombeta",
            "ru": "Труба",
            "si": null,
            "sk": "Trúbka",
            "sr": "труба",
            "sv": "Trumpet",
            "szl": null,
            "tzm": null,
            "uk": "Труба",
            "zh_Hans": "喇叭"
        }
    },
    {
        "number": 59,
        "emoji": "🔔",
        "description": "Bell",
        "unicode": "U+1F514",
        "translated_descriptions": {
            "ar": "جَرَس",
            "bg": "Звънец",
            "ca": "Campana",
            "cs": "Zvonek",
            "de": "Glocke",
            "eo": "Sonorilo",
            "es": "Campana",
            "et": "Kelluke",
            "fi": "Soittokello",
            "fr": "Cloche",
            "hr": "zvono",
            "hu": "Harang",
            "it": "Campana",
            "ja": "ベル",
            "nb_NO": "Bjelle",
            "nl": "Bel",
            "pt_BR": "Sino",
            "ru": "Колокол",
            "si": null,
            "sk": "Zvon",
            "sr": "звоно",
            "sv": "Bjällra",
            "szl": null,
            "tzm": null,
            "uk": "Дзвін",
            "zh_Hans": "铃铛"
        }
    },
    {
        "number": 60,
        "emoji": "⚓",
        "description": "Anchor",
        "unicode": "U+2693",
        "translated_descriptions": {
            "ar": "مِرسَاة",
            "bg": "Котва",
            "ca": "Àncora",
            "cs": "Kotva",
            "de": "Anker",
            "eo": "Ankro",
            "es": "Ancla",
            "et": "Ankur",
            "fi": "Ankkuri",
            "fr": "Ancre",
            "hr": "sidro",
            "hu": "Horgony",
            "it": "Ancora",
            "ja": "いかり",
            "nb_NO": "Anker",
            "nl": "Anker",
            "pt_BR": "Âncora",
            "ru": "Якорь",
            "si": null,
            "sk": "Kotva",
            "sr": "сидро",
            "sv": "Ankare",
            "szl": null,
            "tzm": null,
            "uk": "Якір",
            "zh_Hans": "锚"
        }
    },
    {
        "number": 61,
        "emoji": "🎧",
        "description": "Headphones",
        "unicode": "U+1F3A7",
        "translated_descriptions": {
            "ar": "سَمّاعَة رَأس",
            "bg": "Слушалки",
            "ca": "Auriculars",
            "cs": "Sluchátka",
            "de": "Kopfhörer",
            "eo": "Kapaŭdilo",
            "es": "Cascos",
            "et": "Kõrvaklapid",
            "fi": "Kuulokkeet",
            "fr": "Casque audio",
            "hr": "slušalice",
            "hu": "Fejhallgató",
            "it": "Cuffie",
            "ja": "ヘッドホン",
            "nb_NO": "Hodetelefoner",
            "nl": "Koptelefoon",
            "pt_BR": "Fones de ouvido",
            "ru": "Наушники",
            "si": null,
            "sk": "Slúchadlá",
            "sr": "слушалице",
            "sv": "Hörlurar",
            "szl": null,
            "tzm": null,
            "uk": "Навушники",
            "zh_Hans": "耳机"
        }
    },
    {
        "number": 62,
        "emoji": "📁",
        "description": "Folder",
        "unicode": "U+1F4C1",
        "translated_descriptions": {
            "ar": "مُجَلَّد",
            "bg": "Папка",
            "ca": "Carpeta",
            "cs": "Složka",
            "de": "Ordner",
            "eo": "Dosierujo",
            "es": "Carpeta",
            "et": "Kaust",
            "fi": "Kansio",
            "fr": "Dossier",
            "hr": "mapu",
            "hu": "Mappa",
            "it": "Cartella",
            "ja": "フォルダ",
            "nb_NO": "Mappe",
            "nl": "Map",
            "pt_BR": "Pasta",
            "ru": "Папка",
            "si": null,
            "sk": "Fascikel",
            "sr": "фасцикла",
            "sv": "Mapp",
            "szl": null,
            "tzm": "Asdaw",
            "uk": "Тека",
            "zh_Hans": "文件夹"
        }
    },
    {
        "number": 63,
        "emoji": "📌",
        "description": "Pin",
        "unicode": "U+1F4CC",
        "translated_descriptions": {
            "ar": "دَبُّوس",
            "bg": "Кабърче",
            "ca": "Xinxeta",
            "cs": "Špendlík",
            "de": "Stecknadel",
            "eo": "Pinglo",
            "es": "Alfiler",
            "et": "Nööpnõel",
            "fi": "Nuppineula",
            "fr": "Punaise",
            "hr": "pribadača",
            "hu": "Rajszeg",
            "it": "Puntina",
            "ja": "ピン",
            "nb_NO": "Tegnestift",
            "nl": "Duimspijker",
            "pt_BR": "Alfinete",
            "ru": "Булавка",
            "si": null,
            "sk": "Špendlík",
            "sr": "чиода",
            "sv": "Häftstift",
            "szl": null,
            "tzm": null,
            "uk": "Кнопка",
            "zh_Hans": "图钉"
        }
    }
]