[{"family":"MaterialIcons","fonts":[{"asset":"fonts/MaterialIcons-Regular.otf"}]},{"family":"IRANYekanXEnNumber","fonts":[{"weight":900,"asset":"assets/fonts/IRANYekanX-Black.ttf"},{"weight":700,"asset":"assets/fonts/IRANYekanX-Bold.ttf"},{"weight":500,"asset":"assets/fonts/IRANYekanX-Medium.ttf"},{"weight":400,"asset":"assets/fonts/IRANYekanX-Regular.ttf"},{"weight":300,"asset":"assets/fonts/IRANYekanX-Light.ttf"},{"weight":200,"asset":"assets/fonts/IRANYekanX-UltraLight.ttf"}]},{"family":"IRANYekanXFaNumber","fonts":[{"weight":900,"asset":"assets/fonts/IRANYekanXFaNum-Black.ttf"},{"weight":700,"asset":"assets/fonts/IRANYekanXFaNum-Bold.ttf"},{"weight":500,"asset":"assets/fonts/IRANYekanXFaNum-Medium.ttf"},{"weight":400,"asset":"assets/fonts/IRANYekanXFaNum-Regular.ttf"},{"weight":300,"asset":"assets/fonts/IRANYekanXFaNum-Light.ttf"},{"weight":200,"asset":"assets/fonts/IRANYekanXFaNum-UltraLight.ttf"}]},{"family":"packages/cupertino_icons/CupertinoIcons","fonts":[{"asset":"packages/cupertino_icons/assets/CupertinoIcons.ttf"}]}]